{"loss": 43283.815755208336, "_timestamp": 1717080628.3398614, "_runtime": 4.906156301498413, "_step": 50, "val-auc": 0.68, "test-auc": 1.0, "_wandb": {"runtime": 4}}