{"loss": 298515.5651041667, "_timestamp": 1717078226.8094618, "_runtime": 4.841355800628662, "_step": 50, "val-auc": 0.98, "test-auc": 0.8200000000000001, "_wandb": {"runtime": 4}}