{"loss": 2960703.1354166665, "_timestamp": 1717076891.691892, "_runtime": 8.112104892730713, "_step": 50, "val-auc": 0.42000000000000004, "test-auc": 0.5, "_wandb": {"runtime": 7}}