{"loss": 321651742.29833984, "_timestamp": 1717077166.3496857, "_runtime": 8.600534677505493, "_step": 50, "val-auc": 1.0, "test-auc": 0.9, "_wandb": {"runtime": 8}}