{"loss": 0.0001213271558961999, "_timestamp": 1717086562.929267, "_runtime": 12.426324844360352, "_step": 50, "val-auc": 1.0, "test-auc": 0.9, "_wandb": {"runtime": 11}}