{"loss": 11443446.666666666, "_timestamp": 1717080595.2372198, "_runtime": 4.942330837249756, "_step": 50, "val-auc": 1.0, "test-auc": 1.0, "_wandb": {"runtime": 4}}