{"loss": 19074888.572916668, "_timestamp": 1717076985.0874312, "_runtime": 8.421780109405518, "_step": 50, "val-auc": 0.7000000000000001, "test-auc": 0.6799999999999999, "_wandb": {"runtime": 7}}