{"loss": 55811888.0, "_timestamp": 1717063168.706209, "_runtime": 6.789110898971558, "_step": 50, "val-auc": 0.8400000000000001, "test-auc": 0.8599999999999999, "_wandb": {"runtime": 6}}