{"loss": 173596844.72054037, "_timestamp": 1717077093.6756282, "_runtime": 8.824785232543945, "_step": 50, "val-auc": 0.37999999999999995, "test-auc": 0.2, "_wandb": {"runtime": 8}}