{"loss": 88441813.33333333, "_timestamp": 1717078292.0338604, "_runtime": 10.873194456100464, "_step": 50, "val-auc": 0.72, "test-auc": 0.8200000000000001, "_wandb": {"runtime": 9}}