{"loss": 2597538568.0, "_timestamp": 1717070225.1132112, "_runtime": 5.893498182296753, "_step": 50, "val-auc": 0.78, "test-auc": 0.9600000000000001, "_wandb": {"runtime": 5}}