{"loss": 10471299242.666666, "_timestamp": 1717063096.204882, "_runtime": 4.7464377880096436, "_step": 100, "val-auc": 0.92, "test-auc": 0.8200000000000001, "_wandb": {"runtime": 4}}