{"loss": 3.215793927443163e-10, "_timestamp": 1717086536.4393678, "_runtime": 14.006946802139282, "_step": 50, "val-auc": 0.78, "test-auc": 0.94, "_wandb": {"runtime": 13}}