{"loss": 3465493044.0, "_timestamp": 1717076837.1665227, "_runtime": 8.708617687225342, "_step": 50, "val-auc": 0.33999999999999997, "test-auc": 0.88, "_wandb": {"runtime": 8}}