{"loss": 1272044218.0, "_timestamp": 1717078324.1345937, "_runtime": 10.869661808013916, "_step": 50, "val-auc": 0.9600000000000001, "test-auc": 1.0, "_wandb": {"runtime": 9}}