{"loss": 8251564703.677083, "_timestamp": 1717078307.7733, "_runtime": 10.109619855880737, "_step": 50, "val-auc": 0.6799999999999999, "test-auc": 0.58, "_wandb": {"runtime": 4}}