{"loss": 14899.858072916666, "_timestamp": 1717078275.1099346, "_runtime": 9.8551344871521, "_step": 50, "val-auc": 0.7, "test-auc": 0.9600000000000001, "_wandb": {"runtime": 4}}