{"loss": 161544704201.17447, "_timestamp": 1717074504.899088, "_runtime": 5.526247978210449, "_step": 50, "val-auc": 0.8799999999999999, "test-auc": 0.92, "_wandb": {"runtime": 4}}