{"loss": 962018968.2083334, "_timestamp": 1717062934.5184965, "val-auc": 0.9, "test-auc": 0.9199999999999999, "_runtime": 4.8380115032196045, "_step": 0, "_wandb": {"runtime": 4}}