{"loss": 9576736.270833334, "_timestamp": 1717078392.362814, "_runtime": 14.681139945983887, "_step": 50, "val-auc": 0.7, "test-auc": 0.7600000000000001, "_wandb": {"runtime": 13}}