{"loss": 2301733894.1914062, "_timestamp": 1717076798.3892927, "_runtime": 4.851734638214111, "_step": 50, "val-auc": 0.84, "test-auc": 0.8400000000000001, "_wandb": {"runtime": 4}}