{"loss": 11555514197.333334, "_timestamp": 1717077805.0214188, "_runtime": 20.15440082550049, "_step": 109, "val-auc": 0.92, "test-auc": 0.98, "_wandb": {"runtime": 19}}