{"loss": 12604605781.333334, "_timestamp": 1717078356.4059346, "_runtime": 10.813145637512207, "_step": 50, "val-auc": 0.9199999999999999, "test-auc": 0.78, "_wandb": {"runtime": 9}}