{"loss": 227837.60111490884, "_timestamp": 1717080643.873001, "_runtime": 4.888742208480835, "_step": 50, "val-auc": 0.8, "test-auc": 0.66, "_wandb": {"runtime": 4}}