{"loss": 736358311.5972494, "_timestamp": 1717076672.485215, "_runtime": 8.307507038116455, "_step": 50, "val-auc": 0.78, "test-auc": 0.92, "_wandb": {"runtime": 7}}