{"loss": 11047053.208333334, "_timestamp": 1717078259.8654053, "_runtime": 11.12755537033081, "_step": 50, "val-auc": 1.0, "test-auc": 1.0, "_wandb": {"runtime": 9}}