{"loss": 36799.528645833336, "_timestamp": 1717063297.434048, "_runtime": 4.969681024551392, "_step": 50, "val-auc": 0.9, "test-auc": 1.0, "_wandb": {"runtime": 4}}