{"loss": 293112.8333333333, "_timestamp": 1717078056.34751, "_runtime": 5.096330165863037, "_step": 50, "val-auc": 0.78, "test-auc": 0.8400000000000001, "_wandb": {"runtime": 4}}