{"loss": 36012.20499674479, "_timestamp": 1717078372.1054418, "_runtime": 10.0832679271698, "_step": 50, "val-auc": 0.7400000000000001, "test-auc": 0.8200000000000001, "_wandb": {"runtime": 4}}