{"loss": 21558.12970495224, "_timestamp": 1717080611.9850996, "_runtime": 5.028998613357544, "_step": 50, "val-auc": 0.8, "test-auc": 0.8600000000000001, "_wandb": {"runtime": 4}}