{"loss": 1.6756266257781743e-05, "_timestamp": 1717086452.9686356, "_runtime": 28.186087608337402, "_step": 50, "val-auc": 0.7000000000000001, "test-auc": 0.7200000000000001, "_wandb": {"runtime": 27}}