{"loss": 4466869802.666667, "_timestamp": 1717062849.7412264, "val-auc": 0.8999999999999999, "auc-sage-1": 0.9, "_runtime": 10.407170534133911, "_step": 0, "_wandb": {"runtime": 9}}