{"loss": 75033968.02083333, "_timestamp": 1717078339.7676306, "_runtime": 9.87848162651062, "_step": 50, "val-auc": 0.84, "test-auc": 0.86, "_wandb": {"runtime": 4}}