{"loss": 4608842069.333333, "_timestamp": 1717076694.1446252, "_runtime": 6.267966270446777, "_step": 50, "val-auc": 0.98, "test-auc": 0.8, "_wandb": {"runtime": 5}}