{"loss": 0.4834795130623206, "_timestamp": 1717086501.7236838, "_runtime": 28.11610984802246, "_step": 50, "val-auc": 0.78, "test-auc": 0.74, "_wandb": {"runtime": 27}}