{"loss": 1973000500.0, "_timestamp": 1717077128.550662, "_runtime": 8.08227014541626, "_step": 50, "val-auc": 0.64, "test-auc": 0.5800000000000001, "_wandb": {"runtime": 7}}