{"loss": 1036593843.0809326, "_timestamp": 1717071380.4103265, "_runtime": 32.40550136566162, "_step": 50, "val-auc": 0.08000000000000002, "test-auc": 0.74, "_wandb": {"runtime": 31}}