{"loss": 1.8418943743555378, "_timestamp": 1717086589.1588335, "_runtime": 13.386479616165161, "_step": 50, "val-auc": 0.66, "test-auc": 0.8799999999999999, "_wandb": {"runtime": 12}}