{"loss": 8864003349.333334, "_timestamp": 1717074232.1575124, "_runtime": 9.984389543533325, "_step": 50, "val-auc": 0.96, "test-auc": 0.76, "_wandb": {"runtime": 9}}