{"loss": 10342761.281758627, "_timestamp": 1717078243.0073438, "_runtime": 10.024810791015625, "_step": 50, "val-auc": 1.0, "test-auc": 0.8, "_wandb": {"runtime": 4}}