{"loss": 81204633.51041667, "_timestamp": 1717074374.2144032, "_runtime": 7.415606260299683, "_step": 50, "val-auc": 0.64, "test-auc": 0.62, "_wandb": {"runtime": 6}}