{"loss": 375468462.6442108, "_timestamp": 1717077042.3383658, "_runtime": 8.253057718276978, "_step": 50, "val-auc": 0.46, "test-auc": 0.8, "_wandb": {"runtime": 7}}