{"loss": 345818.0807291667, "_timestamp": 1717076916.7496536, "_runtime": 8.807280540466309, "_step": 50, "val-auc": 0.52, "test-auc": 0.54, "_wandb": {"runtime": 8}}