{"loss": 1483072998.4882812, "_timestamp": 1717076638.921548, "_runtime": 4.790474891662598, "_step": 50, "val-auc": 0.64, "test-auc": 0.9, "_wandb": {"runtime": 4}}